{"train_loss": [1.7600139141082765, 1.391949192682902, 1.2538794775803883, 1.143126126130422, 1.052429775396983, 1.1088058630625406, 1.0959634045759836, 1.0183603843053182, 0.9834434032440186, 0.9438376228014628, 0.8865610678990682, 0.8583162228266398, 0.8103236158688863, 0.8294424116611481, 0.7898884832859039, 0.7746874680121739, 0.7449450234572093, 0.8091926872730255, 0.782854821284612, 0.7306052764256795, 0.798853196700414, 0.769822214047114, 0.7527035752932231, 0.7362720211346944, 0.7044150491555532, 0.685411810874939, 0.7025578657786051, 0.6337238510449728, 0.6594254006942113, 0.7116281727949778, 0.6528946081797282, 0.6239784558614095, 0.6118238300085068, 0.6261935631434122, 0.607614266872406, 0.6487711896498998, 0.5686284969250361, 0.597209346294403, 0.5575551748275757, 0.5605512311061224, 0.5833006580670674, 0.578550378481547, 0.5814948538939159, 0.5354969163735708, 0.5320909102757772, 0.548100416858991, 0.541066179672877, 0.5409156650304794, 0.5157016545534134, 0.49295788606007895, 0.5214028060436249, 0.48916705648104347, 0.4774739225705465, 0.46735207041104637, 0.458363672097524, 0.4299850066502889, 0.4671449035406113, 0.4333472530047099, 0.4492270439863205, 0.4360853612422943, 0.5127193530400594, 0.4509099950393041, 0.45934090614318845, 0.4186023225386937, 0.44681665996710457, 0.40236119031906126, 0.4402704894542694, 0.43700818220774335, 0.41317741870880126, 0.4013667643070221, 0.4253178060054779, 0.38996559182802837, 0.38166123231252036, 0.42205590903759005, 0.43365762134393054, 0.4082964291175207, 0.38875299294789634, 0.39797762235005696, 0.3669728855292002, 0.35147079130013786, 0.42040438652038575, 0.38131999770800273, 0.39415776332219443, 0.37006306648254395, 0.41244702935218813, 0.3778757631778717, 0.3785269459088643, 0.3891150693098704, 0.359950907031695, 0.367160830895106, 0.3777799149354299, 0.36085275610287987, 0.3674397513270378, 0.4039357801278432, 0.36044843395551046, 0.37382792830467226, 0.34930112461249035, 0.3963166793187459, 0.39111522485812505, 0.36249675452709196], "val_loss": [1.4149664640426636, 1.2929195165634155, 1.1830004751682281, 1.4920063614845276, 1.1436481177806854, 1.3507478535175323, 1.2022747993469238, 1.039536952972412, 1.1503113508224487, 1.0264386534690857, 1.4465593695640564, 0.8637746572494507, 0.868145227432251, 1.306396484375, 0.9566191732883453, 0.8538011312484741, 0.948164701461792, 1.045941174030304, 0.9805853366851807, 1.7760241627693176, 0.883276492357254, 1.0532826781272888, 1.168363630771637, 0.821069985628128, 0.9964523315429688, 0.8461797833442688, 0.8347654640674591, 0.9372317492961884, 1.0853622257709503, 0.9098778069019318, 0.9794345498085022, 0.9166780710220337, 1.036242961883545, 0.9656867682933807, 0.9749550819396973, 0.9447928071022034, 0.9587303400039673, 1.000401794910431, 0.9659504890441895, 0.9882799088954926, 1.051768720149994, 0.9543741941452026, 0.8899703621864319, 0.9254496693611145, 0.9287051260471344, 0.9223040342330933, 0.9055714011192322, 0.8619163632392883, 0.8726112246513367, 1.222187340259552, 1.0339094400405884, 1.0317232608795166, 1.0146387219429016, 0.9706845283508301, 0.9851264357566833, 1.0186758041381836, 1.0678626894950867, 1.0026167035102844, 0.9570338129997253, 0.9716114401817322, 0.9848317801952362, 1.0500235557556152, 1.098191261291504, 1.0102797448635101, 1.007163643836975, 1.0113558173179626, 0.9678556025028229, 0.968868762254715, 0.9609323143959045, 0.9785338044166565, 0.9871475100517273, 1.0092436373233795, 0.9968937039375305, 0.980543315410614, 0.9872241020202637, 1.02296781539917, 1.029512882232666, 1.0093598663806915, 0.9990366101264954, 0.9965199828147888, 0.9998465776443481, 1.0152928233146667, 1.0216968059539795, 1.0276594161987305, 1.0259690284729004, 1.024452030658722, 1.0212810039520264, 1.011944591999054, 1.0105708241462708, 1.014667272567749, 1.0159141719341278, 1.020311415195465, 1.0258122682571411, 1.0176103711128235, 1.0165072083473206, 1.0106749832630157, 1.0128178000450134, 1.0181044340133667, 1.0171043276786804, 1.0209230184555054], "val_map": [0.0, 0.0, 0.0, 0.007882608695652174, 0.05671252955082743, 0.013365534772207406, 0.0, 0.011275987247123259, 0.0, 0.0997346947738252, 0.0, 0.13304146341587028, 0.13099424206538354, 0.06030770046558522, 0.08215584891716472, 0.11194305307096004, 0.040904782366426196, 0.12998827754189754, 0.1258344174268312, 0.08540730380730382, 0.18662426899411452, 0.11996471247185252, 0.11664157920768425, 0.08365988508442775, 0.2842308546679024, 0.1535786789316441, 0.17061043113031105, 0.22817264053151146, 0.0633776432806324, 0.09793579776092452, 0.2269409806864858, 0.19469285294520733, 0.11249100102766285, 0.11196230619333274, 0.22557255985791824, 0.23725698650547425, 0.13799718180735113, 0.15104992924260005, 0.2306955381099808, 0.26390676298689625, 0.1918418894993895, 0.24544524027902034, 0.31231965306179194, 0.24228392670576368, 0.20613210812717656, 0.2075231496416451, 0.2672554824504687, 0.25280944599879146, 0.2569576335782333, 0.15945237096237097, 0.1954570915296793, 0.22406667125967125, 0.23057345868814005, 0.21893405915394723, 0.20666516694521275, 0.22257547354206456, 0.2609278780743067, 0.2698009071478394, 0.2573451883593206, 0.3085499583017332, 0.30638789552155377, 0.2054085333113684, 0.19813049799779284, 0.19713011072791897, 0.24274744393033765, 0.23546960087676563, 0.2627753063836418, 0.2532414429158626, 0.2186326571709175, 0.24501324467362798, 0.23855564322550962, 0.2617860027946463, 0.24886814729903892, 0.21529185227494996, 0.2145778771357516, 0.2453385694554119, 0.18747977992309764, 0.18686325735689988, 0.19024918631424845, 0.21182944404460854, 0.19681883457272362, 0.20085606199295414, 0.18617162417028035, 0.22228584590532904, 0.21781664275855359, 0.23000444991370264, 0.23131115963984406, 0.23147679351217043, 0.2446988130503729, 0.22767506985814365, 0.24407252737493054, 0.22068899462179417, 0.19040205582713474, 0.2521331958763761, 0.23456732565376517, 0.23033386172684364, 0.24991938266029293, 0.23280112615481427, 0.23241775332076908, 0.23205877270165923]}